{
  "version": "v1",
  "evaluated_at": "2026-04-07T22:56:09Z",
  "test_samples": 2286,
  "results": {
    "rf": {
      "accuracy": 0.9571303587051618,
      "precision": 0.9539530842745438,
      "recall": 0.9606299212598425,
      "f1": 0.9572798605056669,
      "auc": 0.9914240816135953
    },
    "lr": {
      "accuracy": 0.8097112860892388,
      "precision": 0.8062283737024222,
      "recall": 0.8153980752405949,
      "f1": 0.8107872988255763,
      "auc": 0.8858217963349507
    }
  },
  "target_threshold": 0.9
}